url,timestamp,session_duration
https://www.amazon.com,2023-12-03 01:45:00,156
https://www.healthline.com,2023-12-11 02:34:00,42
https://www.facebook.com,2023-12-20 14:18:00,119
https://www.nytimes.com,2023-12-01 12:30:00,102
https://www.instagram.com,2023-12-05 03:07:00,44
https://www.reddit.com,2023-12-13 01:39:00,167
https://www.netflix.com,2023-12-11 12:57:00,30
https://www.coursera.org,2023-12-28 10:03:00,62
https://www.bbc.com,2023-12-29 00:06:00,19
https://www.tiktok.com,2023-12-18 03:27:00,154
https://www.nike.com,2023-12-05 07:58:00,7
https://www.edx.org,2023-12-11 19:56:00,2
https://www.wired.com,2023-12-01 04:44:00,74
https://www.theguardian.com,2023-12-30 23:06:00,35
https://www.cnn.com,2023-12-13 10:29:00,89
https://www.shop.com,2023-12-11 21:50:00,162
https://www.fitness.com,2023-12-25 05:24:00,123
https://www.apple.com,2023-12-26 03:20:00,128
https://www.medium.com,2023-12-04 05:24:00,57
https://www.buzzfeed.com,2023-12-08 19:14:00,6
https://www.washingtonpost.com,2023-12-09 11:38:00,135
https://www.theverge.com,2023-12-11 03:21:00,179
https://www.pinterest.com,2023-12-02 21:29:00,67
https://www.linkedin.com,2023-12-20 13:58:00,64
https://www.vimeo.com,2023-12-27 03:39:00,100
https://www.google.com,2023-12-12 09:16:00,171
https://www.bbc.co.uk,2023-12-29 00:37:00,150
https://www.reuters.com,2023-12-17 00:01:00,179
https://www.imdb.com,2023-12-04 06:03:00,80
https://www.khanacademy.org,2023-12-12 11:25:00,119
https://www.quora.com,2023-12-29 00:11:00,173
https://www.cnbc.com,2023-12-28 14:15:00,24
https://www.spotify.com,2023-12-19 13:26:00,173
https://www.nike.com,2023-12-08 21:08:00,87
https://www.ebay.com,2023-12-20 18:02:00,5
https://www.bbc.com,2023-12-27 09:04:00,106
https://www.medium.com,2023-12-21 13:30:00,133
https://www.stackoverflow.com,2023-12-11 11:11:00,2
https://www.amazon.com,2023-12-26 14:58:00,106
https://www.fitness.com,2023-12-13 11:00:00,137
https://www.instagram.com,2023-12-29 10:51:00,167
https://www.edx.org,2023-12-11 09:44:00,75
https://www.apple.com,2023-12-13 21:28:00,40
https://www.nytimes.com,2023-12-26 23:51:00,44
https://www.cnn.com,2023-12-31 13:24:00,30
https://www.washingtonpost.com,2023-12-21 20:59:00,58
https://www.shopify.com,2023-12-22 17:26:00,44
https://www.mashable.com,2023-12-17 02:45:00,154
https://www.huffpost.com,2023-12-05 02:14:00,49
https://www.coursera.org,2023-12-27 15:10:00,60
https://www.reddit.com,2023-12-28 23:01:00,9
https://www.forbes.com,2023-12-10 12:58:00,152
https://www.ted.com,2023-12-10 14:09:00,68
https://www.spotify.com,2023-12-23 00:46:00,4
https://www.mercedes-benz.com,2023-12-17 18:30:00,122
https://www.nike.com,2023-12-08 07:04:00,131
https://www.fitbit.com,2023-12-27 18:32:00,137
https://www.theguardian.com,2023-12-12 14:18:00,114
https://www.yelp.com,2023-12-11 10:00:00,100
https://www.zoom.com,2023-12-14 09:29:00,141
https://www.nike.com,2023-12-24 14:40:00,147
https://www.goodreads.com,2023-12-17 02:38:00,20
https://www.kickstarter.com,2023-12-06 20:24:00,33
https://www.bbc.co.uk,2023-12-05 13:05:00,27
https://www.xbox.com,2023-12-26 21:04:00,82
https://www.quora.com,2023-12-12 13:59:00,52
https://www.youtube.com,2023-12-22 07:50:00,6
https://www.netflix.com,2023-12-23 03:38:00,131
https://www.fitness.com,2023-12-15 18:57:00,86
https://www.cnn.com,2023-12-01 00:50:00,117
https://www.apple.com,2023-12-25 10:42:00,74
https://www.cnbc.com,2023-12-21 04:03:00,6
https://www.etsy.com,2023-12-02 16:04:00,122
https://www.washingtonpost.com,2023-12-21 17:11:00,138
https://www.techcrunch.com,2023-12-30 14:45:00,79
https://www.buzzfeed.com,2023-12-29 23:29:00,50
https://www.instagram.com,2023-12-11 14:17:00,120
https://www.yelp.com,2023-12-05 11:31:00,29
https://www.reddit.com,2023-12-14 21:39:00,18
https://www.ted.com,2023-12-18 12:46:00,9
https://www.zoom.com,2023-12-22 02:10:00,35
https://www.tiktok.com,2023-12-19 10:02:00,126
https://www.twitter.com,2023-12-19 18:33:00,127
https://www.amazon.com,2023-12-19 06:36:00,157
https://www.fitness.com,2023-12-29 05:28:00,47
https://www.cnn.com,2023-12-19 01:18:00,66
https://www.pinterest.com,2023-12-21 20:07:00,158
https://www.tumblr.com,2023-12-18 07:20:00,154
https://www.samsung.com,2023-12-17 15:04:00,75
https://www.spotify.com,2023-12-02 09:19:00,151
https://www.edx.org,2023-12-31 23:20:00,51
https://www.yelp.com,2023-12-29 02:08:00,153
https://www.nike.com,2023-12-11 09:47:00,18
https://www.reddit.com,2023-12-06 00:58:00,34
https://www.netflix.com,2023-12-16 10:18:00,17
https://www.amazon.com,2023-12-12 08:25:00,9
https://www.google.com,2023-12-20 02:45:00,36
https://www.coursera.org,2023-12-13 21:41:00,107
https://www.reuters.com,2023-12-10 10:41:00,121
https://www.imdb.com,2023-12-17 07:46:00,133
